"Last Modified","Container Type","Container Description","Track Description","Ignore For Recommendations",Country,"Container Reference","Track Reference","Feature Name","First Event Timestamp","Last End Reason Tyoe","Last Event End Timestamp","Last Event Received Timestamp","Last Event Start Timestamp","Max Event End Position in millis","Max Play Duration in millis","Media duration in millis","Media type","Min Event Start Position in millis","Total plays","Total skips","Total play duration in millis"
2026-03-19T14:27:53.091Z,Playlist,"Not metal stuff ","Weather Report - Birdland",false,"United Kingdom",256003341,170409966,"library / playlists / playlist_detail",2026-03-19T14:27:53.091Z,N/A,N/A,2026-03-19T14:27:53.414Z,2026-03-19T14:27:53.091Z,N/A,N/A,N/A,N/A,N/A,1,N/A,N/A
2026-03-19T14:23:56.333Z,Playlist,"Not metal stuff ","Kanye West - Touch the Sky (feat. Lupe Fiasco)",false,"United Kingdom",256003341,1452877936,"library / playlists / playlist_detail",2026-03-19T14:23:56.333Z,NATURAL_END_OF_TRACK,2026-03-19T14:27:53.190Z,2026-03-19T14:27:53.228Z,2026-03-19T14:23:56.333Z,232408,236857,232408,AUDIO,0,1,0,236857
2026-03-19T14:23:55.184Z,Playlist,"Not metal stuff ","Freddie Gibbs & Madlib - Gat Damn",false,"United Kingdom",256003341,1464243979,"library / playlists / playlist_detail",2026-03-19T14:23:55.184Z,TRACK_SKIPPED_FORWARDS,2026-03-19T14:23:55.997Z,2026-03-19T14:23:56.233Z,2026-03-19T14:23:55.184Z,590,813,170232,AUDIO,0,1,1,813
2026-03-19T14:23:54.043Z,Playlist,"Not metal stuff ","Freddie Gibbs & The Alchemist - Lavish Habits",false,"United Kingdom",256003341,1824019995,"library / playlists / playlist_detail",2026-03-19T14:23:54.043Z,TRACK_SKIPPED_FORWARDS,2026-03-19T14:23:54.958Z,2026-03-19T14:23:54.073Z,2026-03-19T14:23:54.065Z,690,915,177480,AUDIO,0,2,1,915
2026-03-19T14:23:52.632Z,Playlist,"Not metal stuff ","Kanye West - All Falls Down (feat. Syleena Johnson)",false,"United Kingdom",256003341,1412873019,"library / playlists / playlist_detail",2026-03-19T14:23:52.632Z,TRACK_SKIPPED_FORWARDS,2026-03-19T14:23:53.855Z,2026-03-19T14:23:54.073Z,2026-03-19T14:23:52.632Z,1003,1223,220998,AUDIO,0,1,1,1223
2026-03-11T10:50:38.328Z,Playlist,"Not metal stuff ","JPEGMAFIA - SIN MIEDO",false,"United Kingdom",256003341,1760036441,"library / playlists / playlist_detail",2026-03-11T10:50:38.328Z,TRACK_SKIPPED_FORWARDS,2026-03-19T14:23:52.378Z,2026-03-19T14:23:51.214Z,2026-03-19T14:23:51.207Z,166960,166947,166955,AUDIO,0,7,2,596502
2026-03-19T14:23:49.602Z,Playlist,"Not metal stuff ","Travis Scott & Don Toliver - CHAMPAIN & VACAY",false,"United Kingdom",256003341,1826343591,"library / playlists / playlist_detail",2026-03-19T14:23:49.602Z,TRACK_SKIPPED_FORWARDS,2026-03-19T14:23:50.987Z,2026-03-19T14:23:49.617Z,2026-03-19T14:23:49.614Z,1161,1385,184789,AUDIO,0,2,1,1385
2026-03-19T14:23:43.645Z,Playlist,"Not metal stuff ","Freddie Gibbs & Madlib - Education (feat. Yasiin Bey & Black Thought)",false,"United Kingdom",256003341,1464244155,"library / playlists / playlist_detail",2026-03-19T14:23:43.645Z,TRACK_SKIPPED_FORWARDS,2026-03-19T14:23:49.336Z,2026-03-19T14:23:44.602Z,2026-03-19T14:23:44.180Z,5715,5691,262277,AUDIO,0,2,1,5691
2026-03-14T23:32:48.174Z,Playlist,"Not metal stuff ","Tyler, The Creator - Don't Tap That Glass / Tweakin'",false,"United Kingdom",256003341,1827715798,"library / playlists / playlist_detail",2026-03-14T23:32:48.174Z,NATURAL_END_OF_TRACK,2026-03-19T14:23:44.322Z,2026-03-19T14:20:07.660Z,2026-03-19T14:20:07.384Z,222138,222084,222138,AUDIO,0,3,1,242579
2026-03-19T12:45:46.842Z,Playlist,"Not metal stuff ","Wu-Tang Clan - Protect Ya Neck",false,"United Kingdom",256003341,269844634,"library / playlists / playlist_detail",2026-03-19T12:45:46.842Z,NATURAL_END_OF_TRACK,2026-03-19T14:20:07.408Z,2026-03-19T14:18:24.989Z,2026-03-19T14:18:24.981Z,291267,143297,291267,AUDIO,0,2,0,275466
2026-03-19T12:42:02.863Z,Playlist,"Not metal stuff ","Freddie Gibbs, The Alchemist & Anderson .Paak - Ensalada",false,"United Kingdom",256003341,1824019699,"library / playlists / playlist_detail",2026-03-19T12:42:02.863Z,NATURAL_END_OF_TRACK,2026-03-19T12:45:49.389Z,2026-03-19T12:42:06.201Z,2026-03-19T12:42:05.895Z,226546,226526,226546,AUDIO,0,2,0,226526
2026-03-19T12:37:24.416Z,Playlist,"Not metal stuff ","Wu-Tang Clan - Method Man",false,"United Kingdom",256003341,269843930,"library / playlists / playlist_detail",2026-03-19T12:37:24.416Z,SCRUB_BEGIN,2026-03-19T12:37:24.857Z,2026-03-19T12:42:06.027Z,2026-03-19T12:37:24.416Z,38737,441,350687,AUDIO,38737,1,0,441
2026-03-19T12:37:16.273Z,Playlist,"Not metal stuff ","Jamiroquai - Virtual Insanity (Remastered)",false,"United Kingdom",256003341,603752292,"library / playlists / playlist_detail",2026-03-19T12:37:16.273Z,TRACK_SKIPPED_FORWARDS,2026-03-19T12:37:17.718Z,2026-03-19T12:37:16.364Z,2026-03-19T12:37:16.340Z,1186,1445,340954,AUDIO,0,2,1,1445
2026-03-16T15:55:51.772Z,Playlist,"Not metal stuff ","Jamiroquai - Stillness In Time",false,"United Kingdom",256003341,600897214,"library / playlists / playlist_detail",2026-03-16T15:55:51.772Z,TRACK_SKIPPED_FORWARDS,2026-03-19T12:37:16.018Z,2026-03-19T12:37:16.364Z,2026-03-19T12:36:59.250Z,256640,256627,256640,AUDIO,0,3,2,281293
2026-03-16T15:55:41.253Z,Playlist,"Not metal stuff ","Travis Scott - HYAENA",false,"United Kingdom",256003341,1699712637,"library / playlists / playlist_detail",2026-03-16T15:55:41.253Z,NATURAL_END_OF_TRACK,2026-03-19T12:36:28.204Z,2026-03-19T12:32:49.539Z,2026-03-19T12:32:49.149Z,222129,222058,222129,AUDIO,0,3,1,222800
2026-03-19T12:28:12.832Z,Playlist,"Not metal stuff ","Bruno Mars, Anderson .Paak & Silk Sonic - Love's Train",false,"United Kingdom",256003341,1611638587,"library / playlists / playlist_detail",2026-03-19T12:28:12.832Z,NATURAL_END_OF_TRACK,2026-03-19T12:32:49.191Z,2026-03-19T12:28:22.208Z,2026-03-19T12:28:21.887Z,306285,276359,306285,AUDIO,30840,2,0,276359
2026-03-19T12:23:19.820Z,Playlist,"Not metal stuff ","Jamiroquai - The Kids",false,"United Kingdom",256003341,600897218,"library / playlists / playlist_detail",2026-03-19T12:23:19.820Z,NATURAL_END_OF_TRACK,2026-03-19T12:28:21.979Z,2026-03-19T12:23:27.541Z,2026-03-19T12:23:27.533Z,309800,302159,309800,AUDIO,0,2,0,302159
2026-03-19T12:22:26.299Z,Playlist,"Not metal stuff ","Tyler, The Creator - Sticky (feat. GloRilla, Sexyy Red & Lil Wayne)",false,"United Kingdom",256003341,1776500460,"library / playlists / playlist_detail",2026-03-19T12:22:26.299Z,TRACK_SKIPPED_FORWARDS,2026-03-19T12:23:27.326Z,2026-03-19T12:22:28.414Z,2026-03-19T12:22:27.986Z,61056,61027,255915,AUDIO,0,2,1,61027
2026-03-19T12:18:05.241Z,Playlist,"Not metal stuff ","Jamiroquai - Alright (Remastered)",false,"United Kingdom",256003341,603752300,"library / playlists / playlist_detail",2026-03-19T12:18:05.241Z,NATURAL_END_OF_TRACK,2026-03-19T12:22:28.149Z,2026-03-19T12:18:08.559Z,2026-03-19T12:18:08.271Z,263967,262908,263967,AUDIO,1000,2,0,262908
2026-03-19T12:15:34.862Z,Playlist,"Not metal stuff ","Freddie Gibbs & The Alchemist - All Glass",false,"United Kingdom",256003341,1513978912,"library / playlists / playlist_detail",2026-03-19T12:15:34.862Z,NATURAL_END_OF_TRACK,2026-03-19T12:18:08.302Z,2026-03-19T12:15:37.676Z,2026-03-19T12:15:37.400Z,153452,153440,153452,AUDIO,0,2,0,153440
2026-03-16T15:55:34.632Z,Playlist,"Not metal stuff ","Kanye West - Through The Wire",false,"United Kingdom",256003341,1412873613,"library / playlists / playlist_detail",2026-03-16T15:55:34.632Z,NATURAL_END_OF_TRACK,2026-03-19T12:15:37.437Z,2026-03-19T12:11:58.834Z,2026-03-19T12:11:58.808Z,221226,221217,221226,AUDIO,0,4,2,229444
2026-03-12T14:01:23.429Z,Playlist,"Not metal stuff ","Death Grips - I've Seen Footage",false,"United Kingdom",256003341,515449271,"library / playlists / playlist_detail",2026-03-12T14:01:23.429Z,NATURAL_END_OF_TRACK,2026-03-19T12:11:58.797Z,2026-03-19T12:08:41.160Z,2026-03-19T12:08:40.792Z,202853,202851,202853,AUDIO,0,6,1,813623
2026-03-18T14:41:54.315Z,Playlist,"Not metal stuff ","Jamiroquai - Space Cowboy",false,"United Kingdom",256003341,600897223,"library / playlists / playlist_detail",2026-03-18T14:41:54.315Z,NATURAL_END_OF_TRACK,2026-03-19T12:08:40.900Z,2026-03-19T12:03:18.962Z,2026-03-19T12:03:18.777Z,386973,325498,386973,AUDIO,0,3,1,399819
2026-03-19T12:01:17.589Z,N/A,N/A,"Wu-Tang Clan - C.R.E.A.M. (Cash Rules Everything Around Me)",false,"United Kingdom",N/A,269843734,"search / search_landing / artist_detail",2026-03-19T12:01:17.589Z,"MANUALLY_SELECTED_PLAYBACK_OF_A_DIFF_ITEM",2026-03-19T12:01:25.053Z,2026-03-19T12:01:18.237Z,2026-03-19T12:01:17.995Z,7201,7464,252027,AUDIO,0,2,1,7464
2026-03-19T12:00:44.357Z,N/A,N/A,"Wu-Tang Clan - Can It Be All So Simple / Intermission",false,"United Kingdom",N/A,269842753,"search / search_landing / artist_detail",2026-03-19T12:00:44.357Z,"MANUALLY_SELECTED_PLAYBACK_OF_A_DIFF_ITEM",2026-03-19T12:01:17.401Z,2026-03-19T12:00:45.712Z,2026-03-19T12:00:45.350Z,34069,33044,414647,AUDIO,1000,2,1,33044
2026-03-19T11:56:27.342Z,N/A,N/A,"Wu-Tang Clan - Tearz",false,"United Kingdom",N/A,269845292,"search / search_landing / artist_detail",2026-03-19T11:56:27.342Z,NATURAL_END_OF_TRACK,2026-03-19T12:00:45.378Z,2026-03-19T11:56:29.911Z,2026-03-19T11:56:29.228Z,257760,258036,257760,AUDIO,0,2,0,258036
2026-03-19T11:52:53.293Z,N/A,N/A,"Foxy Brown - The Promise (feat. Havoc)",false,"United Kingdom",N/A,1440931477,"search / search_landing / artist_detail",2026-03-19T11:52:53.293Z,"MANUALLY_SELECTED_PLAYBACK_OF_A_DIFF_ITEM",2026-03-19T11:56:28.186Z,2026-03-19T11:53:04.015Z,2026-03-19T11:53:03.935Z,225072,214893,260638,AUDIO,10300,2,1,214893
2026-03-19T11:49:13.461Z,N/A,N/A,"Nas - The Set Up (feat. Havoc)",false,"United Kingdom",N/A,211509350,"search / search_landing / artist_detail",2026-03-19T11:49:13.461Z,NATURAL_END_OF_TRACK,2026-03-19T11:53:03.925Z,2026-03-19T11:49:23.832Z,2026-03-19T11:49:23.265Z,241640,230464,241640,AUDIO,0,2,0,230464
2026-03-19T11:49:10.267Z,N/A,N/A,"Jorja Smith - Blue Lights (feat. Havoc) [Havoc Remix]",false,"United Kingdom",N/A,1876318756,"search / search_landing / artist_detail",2026-03-19T11:49:10.267Z,"MANUALLY_SELECTED_PLAYBACK_OF_A_DIFF_ITEM",2026-03-19T11:49:22.501Z,2026-03-19T11:49:22.784Z,2026-03-19T11:49:10.267Z,11865,12234,262184,AUDIO,0,1,1,12234
2026-03-19T11:45:58.900Z,N/A,N/A,"Mobb Deep - Hell On Earth (Front Lines)",false,"United Kingdom",N/A,293069425,"search / search_landing / artist_detail",2026-03-19T11:45:58.900Z,"MANUALLY_SELECTED_PLAYBACK_OF_A_DIFF_ITEM",2026-03-19T11:49:09.267Z,2026-03-19T11:46:10.475Z,2026-03-19T11:46:10.185Z,201008,190367,274391,AUDIO,10850,2,1,190367
2026-03-19T11:42:35.636Z,N/A,N/A,"Mobb Deep - Survival of the Fittest",false,"United Kingdom",N/A,255342460,"search / search_landing / artist_detail",2026-03-19T11:42:35.636Z,NATURAL_END_OF_TRACK,2026-03-19T11:46:09.470Z,2026-03-19T11:42:46.158Z,2026-03-19T11:42:45.968Z,224236,213834,224236,AUDIO,0,2,0,213834
2026-03-19T11:41:19.656Z,N/A,N/A,"50 Cent - Outta Control (feat. Mobb Deep) [Remix]",false,"United Kingdom",N/A,1441181945,"search / search_landing / artist_detail",2026-03-19T11:41:19.656Z,TRACK_SKIPPED_FORWARDS,2026-03-19T11:42:45.391Z,2026-03-19T11:42:35.591Z,2026-03-19T11:42:35.578Z,102081,54401,248027,AUDIO,38010,2,1,64225
2026-03-19T11:36:12.726Z,N/A,N/A,"Mobb Deep - Shook Ones, Pt. II",false,"United Kingdom",N/A,255345554,"search / search_landing / artist_detail",2026-03-19T11:36:12.726Z,NATURAL_END_OF_TRACK,2026-03-19T11:41:30.738Z,2026-03-19T11:36:24.568Z,2026-03-19T11:36:24.338Z,325507,318012,325507,AUDIO,0,2,0,318012
2026-03-18T17:38:59.004Z,"Radio Station","Arch Enemy - Blood On Your Hands Radio","Lamb of God - Memento Mori",false,"United Kingdom",ra.cp-1045072886,1548252062,now_playing,2026-03-18T17:38:59.004Z,PLAYBACK_MANUALLY_PAUSED,2026-03-18T17:39:03.978Z,2026-03-18T17:39:04.048Z,2026-03-18T17:38:59.004Z,8617,4974,348099,AUDIO,3630,1,0,4974
2026-03-12T14:37:45.868Z,Album,"Arch Enemy - Rise of the Tyrant","Arch Enemy - Blood On Your Hands",false,"United Kingdom",1045072875,1045072886,"search / search_landing",2026-03-12T14:37:45.868Z,NATURAL_END_OF_TRACK,2026-03-18T17:39:00.820Z,2026-03-18T17:39:00.870Z,2026-03-18T17:34:19.244Z,281387,281581,281387,AUDIO,0,8,1,1950141
2026-03-18T17:34:11.273Z,"Radio Station","Arch Enemy - Will To Power Radio","Trivium - The Heart from Your Hate",false,"United Kingdom",ra.cp-1252750166,1272940631,now_playing,2026-03-18T17:34:11.273Z,"MANUALLY_SELECTED_PLAYBACK_OF_A_DIFF_ITEM",2026-03-18T17:34:20.722Z,2026-03-18T17:34:21.079Z,2026-03-18T17:34:11.273Z,9470,9449,243898,AUDIO,0,1,1,9449
2026-03-18T16:38:56.384Z,Album,"Arch Enemy - Will To Power","Arch Enemy - Murder Scene",false,"United Kingdom",1252750166,1252750324,"library / album_detail",2026-03-18T16:38:56.384Z,NATURAL_END_OF_TRACK,2026-03-18T17:34:14.474Z,2026-03-18T17:34:14.609Z,2026-03-18T17:33:56.720Z,230413,230640,230413,AUDIO,0,2,0,461470
2026-03-18T16:42:43.203Z,Playlist,"Replay 2026","JPEGMAFIA & Danny Brown - Garbage Pale Kids",false,"United Kingdom",256003345,1676167399,"library / playlist_detail",2026-03-18T16:42:43.203Z,OTHER,2026-03-18T16:44:00.298Z,2026-03-18T16:44:00.356Z,2026-03-18T16:42:43.203Z,77102,77095,168022,AUDIO,0,1,0,77095
2026-03-16T15:55:45.036Z,Playlist,"Replay 2026","Tyler, The Creator - Take Your Mask Off (feat. Daniel Caesar & Latoiya Williams)",false,"United Kingdom",256003345,1776500462,"library / playlist_detail",2026-03-16T15:55:45.036Z,TRACK_SKIPPED_FORWARDS,2026-03-18T16:38:56.715Z,2026-03-18T16:38:56.960Z,2026-03-18T16:38:56.021Z,477,694,253909,AUDIO,0,2,2,1180
2026-03-16T15:59:32.887Z,Playlist,"Replay 2026","Travis Scott - MODERN JAM (feat. Teezo Touchdown)",false,"United Kingdom",256003345,1699712643,"library / playlist_detail",2026-03-16T15:59:32.887Z,TRACK_SKIPPED_FORWARDS,2026-03-18T16:38:55.812Z,2026-03-18T16:38:56.088Z,2026-03-18T16:37:52.039Z,69720,63773,259228,AUDIO,0,2,2,70491
2026-03-18T16:34:05.600Z,Playlist,"Replay 2026","Jamiroquai - Everyday (Remastered)",false,"United Kingdom",256003345,603752298,"library / playlist_detail",2026-03-18T16:34:05.600Z,NATURAL_END_OF_TRACK,2026-03-18T16:38:10.785Z,2026-03-18T16:38:10.827Z,2026-03-18T16:34:05.600Z,268466,245185,268466,AUDIO,0,1,0,245185
2026-03-15T15:21:16.070Z,Playlist,"Replay 2026","Lenny Kravitz - It Ain't Over 'Til It's Over",false,"United Kingdom",256003345,723338383,"library / playlist_detail",2026-03-15T15:21:16.070Z,NATURAL_END_OF_TRACK,2026-03-18T16:34:23.603Z,2026-03-18T16:34:23.651Z,2026-03-18T16:30:20.973Z,242640,242636,242640,AUDIO,0,2,0,485266
2026-03-13T16:26:07.642Z,Playlist,"Replay 2026","Wu-Tang Clan - Shame On a Nigga",false,"United Kingdom",256003345,269842450,"library / playlist_detail",2026-03-13T16:26:07.642Z,NATURAL_END_OF_TRACK,2026-03-18T16:30:25.988Z,2026-03-18T16:30:26.113Z,2026-03-18T16:27:28.772Z,177274,177216,177274,AUDIO,0,2,1,182143
2026-03-18T16:23:24.958Z,Playlist,"Replay 2026","JPEGMAFIA & Danny Brown - Steppa Pig",false,"United Kingdom",256003345,1676167303,"library / playlist_detail",2026-03-18T16:23:24.958Z,NATURAL_END_OF_TRACK,2026-03-18T16:27:29.348Z,2026-03-18T16:27:29.390Z,2026-03-18T16:26:23.720Z,207786,136096,207786,AUDIO,0,1,0,206932
2026-03-16T15:26:09.119Z,Playlist,"Replay 2026","JPEGMAFIA & Danny Brown - God Loves You",false,"United Kingdom",256003345,1676167418,"library / playlist_detail",2026-03-16T15:26:09.119Z,NATURAL_END_OF_TRACK,2026-03-18T16:20:07.235Z,2026-03-18T16:20:07.281Z,2026-03-18T16:17:38.621Z,148626,148614,148626,AUDIO,0,2,1,149936
2026-03-18T16:15:29.774Z,Playlist,"Replay 2026","Madvillain - Meat Grinder",false,"United Kingdom",256003345,887699512,"library / playlist_detail",2026-03-18T16:15:29.774Z,NATURAL_END_OF_TRACK,2026-03-18T16:17:41.632Z,2026-03-18T16:17:41.685Z,2026-03-18T16:15:29.774Z,131866,131858,131866,AUDIO,0,1,0,131858
2026-03-15T16:20:44.021Z,Playlist,"Replay 2026","Arch Enemy - To The Last Breath",false,"United Kingdom",256003345,1874618974,"library / playlist_detail",2026-03-15T16:20:44.021Z,NATURAL_END_OF_TRACK,2026-03-18T16:15:32.635Z,2026-03-18T16:15:32.711Z,2026-03-18T16:10:34.728Z,297920,298161,297920,AUDIO,0,3,1,596937
2026-03-16T15:55:42.080Z,Playlist,"Replay 2026","Tyler, The Creator - Sugar on My Tongue",false,"United Kingdom",256003345,1827715792,"library / playlist_detail",2026-03-16T15:55:42.080Z,NATURAL_END_OF_TRACK,2026-03-18T16:10:37.630Z,2026-03-18T16:10:37.657Z,2026-03-18T16:08:04.313Z,153332,153317,153332,AUDIO,0,2,1,154095
2026-03-18T16:04:44.725Z,Playlist,"Replay 2026","Lamb of God - Parasocial Christ",false,"United Kingdom",256003345,1852843899,"library / playlist_detail",2026-03-18T16:04:44.725Z,NATURAL_END_OF_TRACK,2026-03-18T16:08:05.673Z,2026-03-18T16:08:05.718Z,2026-03-18T16:04:44.725Z,200963,200948,200963,AUDIO,0,1,0,200948
2026-03-16T15:59:46.006Z,Playlist,"Replay 2026","Opeth - Ghost of Perdition",false,"United Kingdom",256003345,214473109,"library / playlist_detail",2026-03-16T15:59:46.006Z,NATURAL_END_OF_TRACK,2026-03-18T16:04:47.011Z,2026-03-18T16:04:47.058Z,2026-03-18T15:54:17.541Z,629480,629727,629480,AUDIO,0,3,1,1260117
2026-03-18T15:50:48.132Z,Playlist,"Replay 2026","Of Mice & Men - Wake Up",false,"United Kingdom",256003345,1822539004,"library / playlist_detail",2026-03-18T15:50:48.132Z,NATURAL_END_OF_TRACK,2026-03-18T15:54:20.853Z,2026-03-18T15:54:20.892Z,2026-03-18T15:50:48.132Z,212750,212721,212750,AUDIO,0,1,0,212721
2026-03-12T14:04:44.212Z,Playlist,"Replay 2026","Arch Enemy - Nemesis",false,"United Kingdom",256003345,1045077665,"library / playlist_detail",2026-03-12T14:04:44.212Z,NATURAL_END_OF_TRACK,2026-03-18T15:50:50.673Z,2026-03-18T15:50:50.761Z,2026-03-18T15:46:38.383Z,252280,252290,252280,AUDIO,0,5,2,833377
2026-03-12T13:51:36.994Z,Playlist,"Replay 2026","Tyler, The Creator - SWEET / I THOUGHT YOU WANTED TO DANCE (feat. Brent Faiyaz & Fana Hues)",false,"United Kingdom",256003345,1679454762,"library / playlist_detail",2026-03-12T13:51:36.994Z,NATURAL_END_OF_TRACK,2026-03-18T15:46:39.557Z,2026-03-18T15:46:39.600Z,2026-03-18T15:36:51.432Z,588139,588397,588139,AUDIO,0,3,1,1177061
2026-03-16T15:55:47.367Z,Playlist,"Replay 2026","Profiler - Upgrade",false,"United Kingdom",256003345,1847657305,"library / playlist_detail",2026-03-16T15:55:47.367Z,NATURAL_END_OF_TRACK,2026-03-18T15:32:40.436Z,2026-03-18T15:32:40.483Z,2026-03-18T15:30:11.575Z,148875,148861,148875,AUDIO,0,2,1,150043
2026-03-18T15:26:48.363Z,Playlist,"Replay 2026","JPEGMAFIA & Danny Brown - Kingdom Hearts Key (feat. redveil)",false,"United Kingdom",256003345,1676167413,"library / playlist_detail",2026-03-18T15:26:48.363Z,NATURAL_END_OF_TRACK,2026-03-18T15:30:13.668Z,2026-03-18T15:30:13.709Z,2026-03-18T15:26:48.363Z,205320,205305,205320,AUDIO,0,1,0,205305
2026-03-13T16:16:44.780Z,Playlist,"Replay 2026","Tyler, The Creator - I Killed You",false,"United Kingdom",256003345,1776500458,"library / playlist_detail",2026-03-13T16:16:44.780Z,NATURAL_END_OF_TRACK,2026-03-18T15:26:49.708Z,2026-03-18T15:26:49.750Z,2026-03-18T15:24:01.299Z,168420,168665,168420,AUDIO,0,3,1,442865
2026-03-16T12:10:46.750Z,Playlist,"Replay 2026","Dream Theater - Another Day",false,"United Kingdom",256003345,282703606,"library / playlist_detail",2026-03-16T12:10:46.750Z,NATURAL_END_OF_TRACK,2026-03-18T15:24:04.650Z,2026-03-18T15:24:04.697Z,2026-03-18T15:19:41.544Z,263120,263106,263120,AUDIO,0,2,1,264662
2026-03-13T16:05:01.261Z,Playlist,"Replay 2026","Parkway Drive - Idols and Anchors",false,"United Kingdom",256003345,1485048058,"library / playlist_detail",2026-03-13T16:05:01.261Z,NATURAL_END_OF_TRACK,2026-03-18T15:19:44.121Z,2026-03-18T15:19:44.169Z,2026-03-18T15:15:55.911Z,228226,228211,228226,AUDIO,0,3,1,457650
2026-03-18T15:11:43.788Z,Playlist,"Replay 2026","Wu-Tang Clan - Gravel Pit",false,"United Kingdom",256003345,269865307,"library / playlist_detail",2026-03-18T15:11:43.788Z,NATURAL_END_OF_TRACK,2026-03-18T15:15:57.245Z,2026-03-18T15:15:57.284Z,2026-03-18T15:11:43.788Z,253466,253457,253466,AUDIO,0,1,0,253457
2026-03-18T15:05:35.244Z,Playlist,"Replay 2026","The Isley Brothers - Summer Breeze",false,"United Kingdom",256003345,198019840,"library / playlist_detail",2026-03-18T15:05:35.244Z,NATURAL_END_OF_TRACK,2026-03-18T15:11:47.300Z,2026-03-18T15:11:47.351Z,2026-03-18T15:05:35.244Z,372066,372056,372066,AUDIO,0,1,0,372056
2026-03-18T14:59:07.605Z,Playlist,"Replay 2026","Kendrick Lamar - Real (feat. Anna Wise)",false,"United Kingdom",256003345,1440873672,"library / playlist_detail",2026-03-18T14:59:07.605Z,NATURAL_END_OF_TRACK,2026-03-18T15:05:42.953Z,2026-03-18T15:05:43.005Z,2026-03-18T14:59:07.605Z,443509,395348,443509,AUDIO,48230,1,0,395348
2026-03-18T14:56:53.815Z,Playlist,"Replay 2026","JPEGMAFIA - it's dark and hell is hot",false,"United Kingdom",256003345,1760036872,"library / playlist_detail",2026-03-18T14:56:53.815Z,NATURAL_END_OF_TRACK,2026-03-18T14:59:17.235Z,2026-03-18T14:59:17.280Z,2026-03-18T14:56:53.815Z,150280,143420,150280,AUDIO,0,1,0,143420
2026-03-12T17:52:29.968Z,Album,"Trivium - Shogun (Special Edition)","Trivium - Throes of Perdition",false,"United Kingdom",291308890,291309201,"library / playlist_detail",2026-03-12T17:52:29.968Z,NATURAL_END_OF_TRACK,2026-03-18T14:57:05.238Z,2026-03-18T14:57:05.274Z,2026-03-18T14:51:11.119Z,354229,354119,354229,AUDIO,0,2,1,949709
2026-03-18T14:42:08.379Z,Playlist,"Replay 2026","JPEGMAFIA - JPEGULTRA! (feat. Denzel Curry)",false,"United Kingdom",256003345,1760037142,"library / playlist_detail",2026-03-18T14:42:08.379Z,NATURAL_END_OF_TRACK,2026-03-18T14:49:22.766Z,2026-03-18T14:49:22.818Z,2026-03-18T14:48:58.928Z,290971,243292,290971,AUDIO,0,1,0,277566
2026-03-18T14:40:22.444Z,Playlist,"Replay 2026","Tyler, The Creator - See You Again (feat. Kali Uchis)",false,"United Kingdom",256003345,1254572572,"library / playlist_detail",2026-03-18T14:40:22.444Z,OTHER,2026-03-18T14:41:06.015Z,2026-03-18T14:41:06.062Z,2026-03-18T14:40:56.079Z,27721,18270,180431,AUDIO,0,1,0,28206
2026-03-18T14:34:43.134Z,Playlist,"Replay 2026","Parkway Drive - Horizons",false,"United Kingdom",256003345,1485048063,"library / playlist_detail",2026-03-18T14:34:43.134Z,TRACK_SKIPPED_FORWARDS,2026-03-18T14:40:22.173Z,2026-03-18T14:40:22.436Z,2026-03-18T14:40:21.039Z,280292,279464,339000,AUDIO,0,1,1,283795
2026-03-18T13:55:27.748Z,Playlist,"Replay 2026","Death Grips - Get Got",false,"United Kingdom",256003345,515449215,"library / playlist_detail",2026-03-18T13:55:27.748Z,NATURAL_END_OF_TRACK,2026-03-18T14:34:44.364Z,2026-03-18T14:34:44.409Z,2026-03-18T14:34:16.825Z,171867,81647,171867,AUDIO,0,1,0,172483
2026-03-17T10:48:59.456Z,Playlist,"Replay 2026","Kanye West - We Major (feat. Nas & Really Doe)",false,"United Kingdom",256003345,1452878304,"library / playlist_detail",2026-03-17T10:48:59.456Z,NATURAL_END_OF_TRACK,2026-03-18T13:55:28.249Z,2026-03-18T13:55:28.277Z,2026-03-18T13:55:10.228Z,448000,220479,448000,AUDIO,0,1,0,238500
2026-03-17T10:37:17.813Z,Playlist,"Replay 2026","Testament - Shadow People",false,"United Kingdom",256003345,1828403735,"library / playlist_detail",2026-03-17T10:37:17.813Z,NATURAL_END_OF_TRACK,2026-03-17T10:43:03.159Z,2026-03-17T10:43:03.185Z,2026-03-17T10:37:17.813Z,345360,345346,345360,AUDIO,0,1,0,345346
2026-03-13T15:37:56.882Z,Playlist,"Replay 2026","Slaughter to Prevail - Bratva",false,"United Kingdom",256003345,1817267467,"library / playlist_detail",2026-03-13T15:37:56.882Z,NATURAL_END_OF_TRACK,2026-03-17T10:37:29.588Z,2026-03-17T10:37:29.638Z,2026-03-17T10:32:45.089Z,290000,284499,290000,AUDIO,0,3,1,576878
2026-03-13T16:26:13.566Z,Playlist,"Replay 2026","Opeth - The Baying of the Hounds",false,"United Kingdom",256003345,214473126,"library / playlist_detail",2026-03-13T16:26:13.566Z,NATURAL_END_OF_TRACK,2026-03-17T10:32:55.726Z,2026-03-17T10:32:55.774Z,2026-03-17T10:30:20.492Z,641280,564901,641280,AUDIO,0,4,2,1292020
2026-03-17T09:58:18.770Z,Playlist,"Replay 2026","Frank Ocean - Pink + White",false,"United Kingdom",256003345,1146195714,"library / playlist_detail",2026-03-17T09:58:18.770Z,NATURAL_END_OF_TRACK,2026-03-17T10:01:23.272Z,2026-03-17T10:01:23.319Z,2026-03-17T09:58:18.770Z,184516,184502,184516,AUDIO,0,1,0,184502
2026-03-17T09:54:20.428Z,Playlist,"Replay 2026","Bleed From Within - God Complex",false,"United Kingdom",256003345,1779579815,"library / playlist_detail",2026-03-17T09:54:20.428Z,NATURAL_END_OF_TRACK,2026-03-17T09:58:26.529Z,2026-03-17T09:58:26.568Z,2026-03-17T09:54:20.428Z,245853,246101,245853,AUDIO,0,1,0,246101
2026-03-17T09:54:19.546Z,"Radio Station","Haken - Fauna Radio","Porcupine Tree - Deadwing (2017 Remaster)",false,"United Kingdom",ra.cp-1650860109,1770524082,now_playing,2026-03-17T09:54:19.546Z,"MANUALLY_SELECTED_PLAYBACK_OF_A_DIFF_ITEM",2026-03-17T09:54:22.951Z,2026-03-17T09:54:23.695Z,2026-03-17T09:54:19.546Z,3180,3405,586946,AUDIO,0,1,1,3405
2026-03-17T09:54:18.468Z,"Radio Station","Haken - Fauna Radio","Soen - Martyrs",false,"United Kingdom",ra.cp-1650860109,1581601984,now_playing,2026-03-17T09:54:18.468Z,TRACK_SKIPPED_FORWARDS,2026-03-17T09:54:19.286Z,2026-03-17T09:54:19.336Z,2026-03-17T09:54:18.468Z,599,818,368188,AUDIO,0,1,1,818
2026-03-17T09:54:16.985Z,"Radio Station","Haken - Fauna Radio","The Neal Morse Band - The Way It Had to Be",false,"United Kingdom",ra.cp-1650860109,1570081867,now_playing,2026-03-17T09:54:16.985Z,TRACK_SKIPPED_FORWARDS,2026-03-17T09:54:17.146Z,2026-03-17T09:54:17.570Z,2026-03-17T09:54:16.985Z,0,161,434368,AUDIO,0,1,1,161
2026-03-17T09:54:16.920Z,"Radio Station","Haken - Fauna Radio","The Ocean - Mesopelagic: Into the Uncanny",false,"United Kingdom",ra.cp-1650860109,616886666,now_playing,2026-03-17T09:54:16.920Z,TRACK_SKIPPED_FORWARDS,2026-03-17T09:54:18.294Z,2026-03-17T09:54:18.460Z,2026-03-17T09:54:16.920Z,1146,1374,356253,AUDIO,0,1,1,1374
2026-03-17T09:54:15.608Z,"Radio Station","Haken - Fauna Radio","Caligula's Horse - Firelight",false,"United Kingdom",ra.cp-1650860109,1038434192,now_playing,2026-03-17T09:54:15.608Z,TRACK_SKIPPED_FORWARDS,2026-03-17T09:54:16.275Z,2026-03-17T09:54:17.570Z,2026-03-17T09:54:15.608Z,447,667,278906,AUDIO,0,1,1,667
2026-03-17T09:54:14.189Z,"Radio Station","Haken - Fauna Radio","Opeth - §2",false,"United Kingdom",ra.cp-1650860109,1770619266,now_playing,2026-03-17T09:54:14.189Z,TRACK_SKIPPED_FORWARDS,2026-03-17T09:54:14.980Z,2026-03-17T09:54:15.218Z,2026-03-17T09:54:14.189Z,599,791,333897,AUDIO,0,1,1,791
2026-03-17T09:54:09.785Z,"Radio Station","Haken - Fauna Radio","Devin Townsend - Genesis",false,"United Kingdom",ra.cp-1650860109,1449841656,now_playing,2026-03-17T09:54:09.785Z,TRACK_SKIPPED_FORWARDS,2026-03-17T09:54:13.862Z,2026-03-17T09:54:14.166Z,2026-03-17T09:54:11.494Z,25534,2368,365861,AUDIO,0,1,1,4077
2026-03-17T09:54:05.375Z,"Radio Station","Haken - Fauna Radio","Dream Theater - Scene Eight: The Spirit Carries On",false,"United Kingdom",ra.cp-1650860109,282694499,now_playing,2026-03-17T09:54:05.375Z,TRACK_SKIPPED_FORWARDS,2026-03-17T09:54:09.600Z,2026-03-17T09:54:09.649Z,2026-03-17T09:54:05.375Z,4239,4225,398266,AUDIO,0,1,1,4225
2026-03-16T22:44:42.537Z,"Radio Station","Haken - Fauna Radio","Leprous - From the Flame",false,"United Kingdom",ra.cp-1650860109,1247617503,now_playing,2026-03-16T22:44:42.537Z,NATURAL_END_OF_TRACK,2026-03-17T09:54:07.284Z,2026-03-17T09:54:07.369Z,2026-03-17T09:53:45.222Z,231347,194088,231347,AUDIO,0,1,0,231955
2026-03-15T14:50:58.219Z,Album,"Haken - Fauna","Haken - Nightingale",false,"United Kingdom",1650860109,1650860112,"library / album_detail",2026-03-15T14:50:58.219Z,NATURAL_END_OF_TRACK,2026-03-16T22:44:45.923Z,2026-03-16T22:44:45.986Z,2026-03-16T22:37:20.987Z,444707,444936,444707,AUDIO,0,2,0,979886
2026-03-16T17:07:33.319Z,"Radio Station","Arch Enemy - Rise of the Tyrant Radio","Trivium - Silence In the Snow",false,"United Kingdom",ra.cp-1045072875,1022897949,now_playing,2026-03-16T17:07:33.319Z,"MANUALLY_SELECTED_PLAYBACK_OF_A_DIFF_ITEM",2026-03-16T22:37:24.052Z,2026-03-16T22:37:24.383Z,2026-03-16T22:37:20.635Z,6433,3417,220416,AUDIO,0,1,1,6704
2026-03-13T15:42:38.626Z,Playlist,"Replay 2026","Arch Enemy - Never Forgive, Never Forget",false,"United Kingdom",256003345,1045381525,"home / playlist_detail",2026-03-13T15:42:38.626Z,NATURAL_END_OF_TRACK,2026-03-16T15:59:35.716Z,2026-03-16T15:59:35.833Z,2026-03-16T15:55:51.739Z,223760,223977,223760,AUDIO,0,3,0,672075
2026-03-16T15:55:50.825Z,Playlist,"Replay 2026","Kanye West - Roses",false,"United Kingdom",256003345,1452878289,"home / playlist_detail",2026-03-16T15:55:50.825Z,TRACK_SKIPPED_FORWARDS,2026-03-16T15:55:51.525Z,2026-03-16T15:55:52.797Z,2026-03-16T15:55:50.825Z,468,700,245840,AUDIO,0,1,1,700
2026-03-16T15:55:48.775Z,Playlist,"Replay 2026","Kendrick Lamar - The Blacker the Berry",false,"United Kingdom",256003345,1440829879,"home / playlist_detail",2026-03-16T15:55:48.775Z,TRACK_SKIPPED_FORWARDS,2026-03-16T15:55:49.347Z,2026-03-16T15:55:52.797Z,2026-03-16T15:55:48.775Z,357,572,328829,AUDIO,0,1,1,572
2026-03-13T11:58:32.995Z,Playlist,"Replay 2026","Tyler, The Creator - IGOR'S THEME",false,"United Kingdom",256003345,1463409349,"home / playlist_detail",2026-03-13T11:58:32.995Z,TRACK_SKIPPED_FORWARDS,2026-03-16T15:55:47.117Z,2026-03-16T15:55:52.797Z,2026-03-16T15:55:46.578Z,458,687,200684,AUDIO,0,2,2,1226
2026-03-13T15:22:23.998Z,Playlist,"Replay 2026","Profiler - Waste",false,"United Kingdom",256003345,1816006867,"home / playlist_detail",2026-03-13T15:22:23.998Z,TRACK_SKIPPED_FORWARDS,2026-03-16T15:55:46.336Z,2026-03-16T15:55:52.797Z,2026-03-16T15:55:45.757Z,215750,215739,215750,AUDIO,0,3,1,432352
2026-03-09T21:40:28.551Z,Playlist,"Replay 2026","Decapitated - Cancer Culture",false,"United Kingdom",256003345,1610310265,"home / playlist_detail",2026-03-09T21:40:28.551Z,TRACK_SKIPPED_FORWARDS,2026-03-16T15:55:44.818Z,2026-03-16T15:55:52.797Z,2026-03-16T15:55:44.069Z,248474,248460,248473,AUDIO,0,4,2,451444
2026-03-16T15:55:43.081Z,Playlist,"Replay 2026","GOJIRA - The Gift of Guilt",false,"United Kingdom",256003345,525085544,"home / playlist_detail",2026-03-16T15:55:43.081Z,TRACK_SKIPPED_FORWARDS,2026-03-16T15:55:43.825Z,2026-03-16T15:55:52.797Z,2026-03-16T15:55:43.081Z,523,744,356800,AUDIO,0,1,1,744
2026-03-16T15:51:39.558Z,Playlist,"Replay 2026","Dream Theater - In the Presence of Enemies, Pt. 2",false,"United Kingdom",256003345,1069556809,"home / playlist_detail",2026-03-16T15:51:39.558Z,TRACK_SKIPPED_FORWARDS,2026-03-16T15:51:49.809Z,2026-03-16T15:51:50.042Z,2026-03-16T15:51:39.558Z,10277,10251,998937,AUDIO,0,1,1,10251
2026-03-16T15:51:31.797Z,Playlist,"Replay 2026","Biffy Clyro - Black Chandelier",false,"United Kingdom",256003345,594554075,"home / playlist_detail",2026-03-16T15:51:31.797Z,NATURAL_END_OF_TRACK,2026-03-16T15:55:36.899Z,2026-03-16T15:55:36.931Z,2026-03-16T15:51:31.797Z,244867,245102,244867,AUDIO,0,1,0,245102
2026-03-16T15:51:31.749Z,Playlist,"Replay 2026","Dream Theater - In the Presence of Enemies, Pt. 1",false,"United Kingdom",256003345,1069556802,"home / playlist_detail",2026-03-16T15:51:31.749Z,TRACK_SKIPPED_FORWARDS,2026-03-16T15:51:34.018Z,2026-03-16T15:51:50.641Z,2026-03-16T15:51:31.749Z,2048,2269,540175,AUDIO,0,1,1,2269
2026-03-12T15:31:36.519Z,Album,"Lamb of God - Into Oblivion","Lamb of God - Into Oblivion",false,"United Kingdom",1868804163,1868804164,"home / playlist_detail",2026-03-12T15:31:36.519Z,NATURAL_END_OF_TRACK,2026-03-16T15:51:21.790Z,2026-03-16T15:51:21.830Z,2026-03-16T15:47:46.826Z,214723,215059,214723,AUDIO,0,4,1,646748
2026-03-16T15:26:11.734Z,Playlist,"Replay 2026","The Isley Brothers - That Lady, Pts. 1 & 2",false,"United Kingdom",256003345,1030452446,"home / playlist_detail",2026-03-16T15:26:11.734Z,TRACK_SKIPPED_FORWARDS,2026-03-16T15:47:47.679Z,2026-03-16T15:47:47.914Z,2026-03-16T15:45:43.441Z,192568,124238,334388,AUDIO,0,1,1,193141
2026-03-16T15:22:57.896Z,Playlist,"Replay 2026","Freddie Gibbs & Madlib - Crime Pays",false,"United Kingdom",256003345,1464243887,"home / playlist_detail",2026-03-16T15:22:57.896Z,NATURAL_END_OF_TRACK,2026-03-16T15:26:00.559Z,2026-03-16T15:26:00.600Z,2026-03-16T15:22:57.896Z,182677,182663,182677,AUDIO,0,1,0,182663
2026-03-16T15:18:16.459Z,Playlist,"Replay 2026","Freddie Gibbs & The Alchemist - Something to Rap About (feat. Tyler, The Creator)",false,"United Kingdom",256003345,1513978908,"home / playlist_detail",2026-03-16T15:18:16.459Z,NATURAL_END_OF_TRACK,2026-03-16T15:22:59.004Z,2026-03-16T15:22:59.055Z,2026-03-16T15:18:16.459Z,282560,282545,282560,AUDIO,0,1,0,282545
2026-03-11T21:28:08.095Z,Album,"Arch Enemy - Anthems of Rebellion","Arch Enemy - We Will Rise",false,"United Kingdom",1045081832,1045082081,"home / playlist_detail",2026-03-11T21:28:08.095Z,NATURAL_END_OF_TRACK,2026-03-16T15:18:18.075Z,2026-03-16T15:18:18.131Z,2026-03-16T15:16:26.116Z,246707,246705,246707,AUDIO,0,6,1,1473251
2026-03-12T15:40:05.127Z,Playlist,"Replay 2026","Nas - It Ain't Hard to Tell",false,"United Kingdom",256003345,662324547,"home / playlist_detail",2026-03-12T15:40:05.127Z,NATURAL_END_OF_TRACK,2026-03-16T14:58:07.913Z,2026-03-16T14:58:07.966Z,2026-03-16T14:54:45.811Z,202106,202102,202106,AUDIO,0,3,0,575393
2026-03-13T10:37:33.923Z,Playlist,"Replay 2026","Knocked Loose - Hive Mind (feat. Denzel Curry)",false,"United Kingdom",256003345,1874420207,"home / playlist_detail",2026-03-13T10:37:33.923Z,NATURAL_END_OF_TRACK,2026-03-16T14:54:50.245Z,2026-03-16T14:54:50.303Z,2026-03-16T14:51:23.756Z,206162,206489,206162,AUDIO,0,3,0,619105
2026-03-16T14:51:18.995Z,Album,"Denzel Curry - TA13OO","Denzel Curry - SUPER SAIYAN SUPERMAN l ZUPER ZA1YAN ZUPERMAN",false,"United Kingdom",1408388537,1408388817,"home / playlist_detail / album_detail / album_detail",2026-03-16T14:51:18.995Z,"MANUALLY_SELECTED_PLAYBACK_OF_A_DIFF_ITEM",2026-03-16T14:51:23.724Z,2026-03-16T14:51:24.072Z,2026-03-16T14:51:18.995Z,4436,4729,131877,AUDIO,0,1,1,4729
2026-03-16T14:51:13.297Z,Album,"Denzel Curry - TA13OO","Denzel Curry - SUMO l ZUMO",false,"United Kingdom",1408388537,1408388814,"home / playlist_detail / album_detail / album_detail",2026-03-16T14:51:13.297Z,"MANUALLY_SELECTED_PLAYBACK_OF_A_DIFF_ITEM",2026-03-16T14:51:18.661Z,2026-03-16T14:51:18.719Z,2026-03-16T14:51:15.618Z,46766,3043,227373,AUDIO,0,1,1,5364
2026-03-16T14:48:12.024Z,Album,"Denzel Curry - TA13OO","Denzel Curry - CASH MANIAC l CAZH MAN1AC (feat. Nyyjerya)",false,"United Kingdom",1408388537,1408388804,"home / playlist_detail / album_detail / album_detail",2026-03-16T14:48:12.024Z,TRACK_SKIPPED_FORWARDS,2026-03-16T14:51:13.924Z,2026-03-16T14:51:14.060Z,2026-03-16T14:48:12.024Z,181594,181900,198773,AUDIO,0,1,1,181900
2026-03-15T16:40:54.763Z,Album,"Denzel Curry - TA13OO","Denzel Curry - BLACK BALLOONS l 13LACK 13ALLOONZ (feat. Twelve'len & GoldLink)",false,"United Kingdom",1408388537,1408388707,"home / playlist_detail / album_detail / album_detail",2026-03-15T16:40:54.763Z,TRACK_SKIPPED_FORWARDS,2026-03-16T14:48:11.166Z,2026-03-16T14:48:11.369Z,2026-03-16T14:48:07.412Z,210960,210945,210960,AUDIO,0,3,2,259637
2026-03-16T14:44:42.528Z,Album,"Denzel Curry - TA13OO","Denzel Curry - TABOO l TA13OO",false,"United Kingdom",1408388537,1408388701,"home / playlist_detail / album_detail / album_detail",2026-03-16T14:44:42.528Z,NATURAL_END_OF_TRACK,2026-03-16T14:48:08.024Z,2026-03-16T14:48:08.057Z,2026-03-16T14:44:50.201Z,197000,197823,197000,AUDIO,0,1,0,204912
2026-03-16T14:43:51.202Z,Playlist,"Replay 2026","Of Mice & Men - Bones Exposed",false,"United Kingdom",256003345,1675491852,"home / playlist_detail",2026-03-16T14:43:51.202Z,"MANUALLY_SELECTED_PLAYBACK_OF_A_DIFF_ITEM",2026-03-16T14:43:51.638Z,2026-03-16T14:43:52.098Z,2026-03-16T14:43:51.202Z,145,436,255693,AUDIO,0,1,1,436
2026-03-15T14:58:16.367Z,Playlist,"Heavy Rotation","Arch Enemy - Demonic Science (2009 Version)",false,"United Kingdom",256003337,1045116839,"library / playlists / playlist_detail",2026-03-15T14:58:16.367Z,"MANUALLY_SELECTED_PLAYBACK_OF_A_DIFF_ITEM",2026-03-16T14:43:51.090Z,2026-03-16T14:43:51.497Z,2026-03-16T14:43:33.460Z,323853,323846,323853,AUDIO,0,2,1,472932
2026-03-15T16:37:23.750Z,Album,"Arch Enemy - The Root of All Evil","Arch Enemy - Transmigration Macabre (2009 Version)",false,"United Kingdom",1045116821,1045118107,"library / playlists / playlist_detail",2026-03-15T16:37:23.750Z,NATURAL_END_OF_TRACK,2026-03-16T14:41:17.900Z,2026-03-16T14:41:17.932Z,2026-03-16T14:37:44.560Z,213027,213340,213027,AUDIO,0,3,1,427866
2026-03-16T14:37:43.478Z,Playlist,"Guardians of the Galaxy: The Complete Mixtape","Sweet - Fox on the Run",false,"United Kingdom",256000525,1040963364,"library / playlists / playlist_detail",2026-03-16T14:37:43.478Z,"MANUALLY_SELECTED_PLAYBACK_OF_A_DIFF_ITEM",2026-03-16T14:37:45.430Z,2026-03-16T14:37:46.012Z,2026-03-16T14:37:43.478Z,1640,1952,201093,AUDIO,0,1,1,1952
2026-03-16T14:26:27.209Z,Album,"The Prodigy - The Fat of the Land (Expanded Edition)","The Prodigy - Breathe",false,"United Kingdom",574422728,574422934,"search / albums",2026-03-16T14:26:27.209Z,"MANUALLY_SELECTED_PLAYBACK_OF_A_DIFF_ITEM",2026-03-16T14:37:43.597Z,2026-03-16T14:37:44.177Z,2026-03-16T14:33:33.308Z,330459,250289,336280,AUDIO,160,1,1,250289
2026-03-16T14:20:58.866Z,Album,"The Prodigy - Invaders Must Die","The Prodigy - Invaders Must Die",false,"United Kingdom",1169935127,1169935194,"search / albums",2026-03-16T14:20:58.866Z,NATURAL_END_OF_TRACK,2026-03-16T14:25:12.701Z,2026-03-16T14:25:12.762Z,2026-03-16T14:20:58.866Z,295031,253835,295031,AUDIO,35520,1,0,253835
2026-03-16T14:17:43.175Z,Album,"The Prodigy - Invaders Must Die","The Prodigy - Omen",false,"United Kingdom",1169935127,1169935318,"search / albums",2026-03-16T14:17:43.175Z,NATURAL_END_OF_TRACK,2026-03-16T14:21:12.454Z,2026-03-16T14:21:12.512Z,2026-03-16T14:17:43.175Z,215436,209279,215436,AUDIO,180,1,0,209279
2026-03-16T14:14:43.184Z,Album,"The Prodigy - No Tourists","The Prodigy - Light up the Sky",false,"United Kingdom",1440989122,1440989124,"search / albums",2026-03-16T14:14:43.184Z,NATURAL_END_OF_TRACK,2026-03-16T14:17:55.015Z,2026-03-16T14:17:55.070Z,2026-03-16T14:14:43.184Z,199716,191831,199716,AUDIO,0,1,0,191831
2026-03-16T12:38:26.923Z,N/A,N/A,"Spirit Adrift - Eternal Celestial Energy",false,"United Kingdom",N/A,1878715770,"search / search_landing / artist_detail",2026-03-16T12:38:26.923Z,"MANUALLY_SELECTED_PLAYBACK_OF_A_DIFF_ITEM",2026-03-16T12:52:01.930Z,2026-03-16T12:52:02.290Z,2026-03-16T12:51:49.851Z,201766,27113,344000,AUDIO,0,1,1,45378
2026-03-16T12:11:26.559Z,Playlist,Aaaaaaaaaah,"Dream Theater - The Count of Tuscany",false,"United Kingdom",256002817,319394652,"library / playlists / playlist_detail",2026-03-16T12:11:26.559Z,OTHER,2026-03-16T12:18:36.371Z,2026-03-16T12:18:36.438Z,2026-03-16T12:11:29.797Z,426270,426574,1157546,AUDIO,0,1,1,427308
2026-03-16T12:11:27.835Z,Playlist,Aaaaaaaaaah,"Metallica - Stone Cold Crazy",false,"United Kingdom",256002817,1440858343,"library / playlists / playlist_detail",2026-03-16T12:11:27.835Z,TRACK_SKIPPED_FORWARDS,2026-03-16T12:11:28.570Z,2026-03-16T12:11:30.354Z,2026-03-16T12:11:27.835Z,451,735,137626,AUDIO,0,1,1,735
2026-03-16T12:11:26.101Z,Playlist,Aaaaaaaaaah,"twenty one pilots - Jumpsuit",false,"United Kingdom",256002817,1422828209,"library / playlists / playlist_detail",2026-03-16T12:11:26.101Z,TRACK_SKIPPED_FORWARDS,2026-03-16T12:11:26.475Z,2026-03-16T12:11:26.614Z,2026-03-16T12:11:26.101Z,114,374,238611,AUDIO,0,1,1,374
2026-03-16T12:11:24.406Z,Playlist,Aaaaaaaaaah,"Megadeth - Devil's Island",false,"United Kingdom",256002817,1447699204,"library / playlists / playlist_detail",2026-03-16T12:11:24.406Z,TRACK_SKIPPED_FORWARDS,2026-03-16T12:11:25.545Z,2026-03-16T12:11:25.966Z,2026-03-16T12:11:24.406Z,744,1139,305607,AUDIO,0,1,1,1139
2026-03-16T12:11:21.076Z,Playlist,Aaaaaaaaaah,"Mötley Crüe - On with the Show",false,"United Kingdom",256002817,1606699483,"library / playlists / playlist_detail",2026-03-16T12:11:21.076Z,TRACK_SKIPPED_FORWARDS,2026-03-16T12:11:22.226Z,2026-03-16T12:11:24.547Z,2026-03-16T12:11:21.076Z,889,1150,247069,AUDIO,0,1,1,1150
2026-03-16T12:11:19.274Z,Playlist,Aaaaaaaaaah,"Arch Enemy - The Immortal (2009 Version)",false,"United Kingdom",256002817,1045116837,"library / playlists / playlist_detail",2026-03-16T12:11:19.274Z,TRACK_SKIPPED_FORWARDS,2026-03-16T12:11:20.878Z,2026-03-16T12:11:21.045Z,2026-03-16T12:11:19.274Z,1308,1604,227826,AUDIO,0,1,1,1604
2026-03-16T12:11:18.236Z,Playlist,Aaaaaaaaaah,"Metallica - Jump In the Fire (Remastered)",false,"United Kingdom",256002817,1442865800,"library / playlists / playlist_detail",2026-03-16T12:11:18.236Z,TRACK_SKIPPED_FORWARDS,2026-03-16T12:11:18.880Z,2026-03-16T12:11:19.347Z,2026-03-16T12:11:18.236Z,341,644,281293,AUDIO,0,1,1,644
2026-03-16T12:11:18.047Z,Playlist,Aaaaaaaaaah,"AC/DC - Got Some Rock & Roll Thunder",false,"United Kingdom",256002817,923586235,"library / playlists / playlist_detail",2026-03-16T12:11:18.047Z,TRACK_SKIPPED_FORWARDS,2026-03-16T12:11:18.066Z,2026-03-16T12:11:18.354Z,2026-03-16T12:11:18.047Z,0,19,202586,AUDIO,0,1,1,19
2026-03-16T12:11:17.212Z,Playlist,Aaaaaaaaaah,"Foo Fighters - Alone + Easy Target (Demo 1992)",false,"United Kingdom",256002817,1037051480,"library / playlists / playlist_detail",2026-03-16T12:11:17.212Z,TRACK_SKIPPED_FORWARDS,2026-03-16T12:11:17.271Z,2026-03-16T12:11:17.996Z,2026-03-16T12:11:17.212Z,0,59,316075,AUDIO,0,1,1,59
2026-03-16T12:11:15.935Z,Playlist,Aaaaaaaaaah,"Metallica - 72 Seasons",false,"United Kingdom",256002817,1655727058,"library / playlists / playlist_detail",2026-03-16T12:11:15.935Z,TRACK_SKIPPED_FORWARDS,2026-03-16T12:11:16.146Z,2026-03-16T12:11:17.274Z,2026-03-16T12:11:15.935Z,19,211,459120,AUDIO,0,1,1,211
2026-03-16T12:11:14.440Z,Playlist,Aaaaaaaaaah,"Queens of the Stone Age - Go With The Flow",false,"United Kingdom",256002817,17112515,"library / playlists / playlist_detail",2026-03-16T12:11:14.440Z,TRACK_SKIPPED_FORWARDS,2026-03-16T12:11:14.977Z,2026-03-16T12:11:15.915Z,2026-03-16T12:11:14.440Z,317,537,187146,AUDIO,0,1,1,537
2026-03-16T12:11:13.152Z,Playlist,Aaaaaaaaaah,"Tyler, The Creator - Rah Tah Tah",false,"United Kingdom",256002817,1776500454,"library / playlists / playlist_detail",2026-03-16T12:11:13.152Z,TRACK_SKIPPED_FORWARDS,2026-03-16T12:11:14.262Z,2026-03-16T12:11:14.526Z,2026-03-16T12:11:13.152Z,893,1110,165413,AUDIO,0,1,1,1110
2026-03-16T12:10:49.527Z,Playlist,Aaaaaaaaaah,"Polyphia - Playing God",false,"United Kingdom",256002817,1651577212,"library / playlists / playlist_detail",2026-03-16T12:10:49.527Z,TRACK_SKIPPED_FORWARDS,2026-03-16T12:11:11.856Z,2026-03-16T12:11:13.415Z,2026-03-16T12:10:49.527Z,22092,22329,205925,AUDIO,0,1,1,22329
2026-03-16T12:10:48.501Z,Playlist,Aaaaaaaaaah,"Jake Bugg - What Doesn't Kill You",false,"United Kingdom",256002817,721073595,"library / playlists / playlist_detail",2026-03-16T12:10:48.501Z,TRACK_SKIPPED_FORWARDS,2026-03-16T12:10:49.179Z,2026-03-16T12:10:49.308Z,2026-03-16T12:10:48.501Z,466,678,128346,AUDIO,0,1,1,678
2026-03-16T12:10:44.605Z,Playlist,Aaaaaaaaaah,"Foo Fighters - Wind Up",false,"United Kingdom",256002817,362133482,"library / playlists / playlist_detail",2026-03-16T12:10:44.605Z,TRACK_SKIPPED_FORWARDS,2026-03-16T12:10:46.460Z,2026-03-16T12:10:46.709Z,2026-03-16T12:10:44.605Z,1613,1855,150563,AUDIO,0,1,1,1855
2026-03-16T12:10:39.767Z,Playlist,Aaaaaaaaaah,"Whitesnake - Is This Love (2017 Remaster)",false,"United Kingdom",256002817,1862662879,"library / playlists / playlist_detail",2026-03-16T12:10:39.767Z,TRACK_SKIPPED_FORWARDS,2026-03-16T12:10:43.656Z,2026-03-16T12:10:44.635Z,2026-03-16T12:10:39.767Z,3663,3889,284607,AUDIO,0,1,1,3889
2026-03-16T12:10:31.591Z,Playlist,Aaaaaaaaaah,"Barlow - Perfect Wave",false,"United Kingdom",256002817,295871777,"library / playlists / playlist_detail",2026-03-16T12:10:31.591Z,TRACK_SKIPPED_FORWARDS,2026-03-16T12:10:39.590Z,2026-03-16T12:10:39.788Z,2026-03-16T12:10:31.591Z,8037,7999,194960,AUDIO,0,1,1,7999
2026-03-16T12:06:28.032Z,Playlist,Aaaaaaaaaah,"Dream Theater - Sleeping Giant",false,"United Kingdom",256002817,1576732402,"library / playlists / playlist_detail",2026-03-16T12:06:28.032Z,TRACK_SKIPPED_FORWARDS,2026-03-16T12:06:28.668Z,2026-03-16T12:06:28.806Z,2026-03-16T12:06:28.032Z,386,636,604667,AUDIO,0,1,1,636
2026-03-16T12:06:27.514Z,Playlist,Aaaaaaaaaah,"Parkway Drive - Dark Days",false,"United Kingdom",256002817,1485057044,"library / playlists / playlist_detail",2026-03-16T12:06:27.514Z,NATURAL_END_OF_TRACK,2026-03-16T12:10:33.176Z,2026-03-16T12:10:33.222Z,2026-03-16T12:06:27.514Z,245400,245662,245400,AUDIO,0,1,0,245662
2026-03-16T12:06:26.185Z,Playlist,Aaaaaaaaaah,"Iron Maiden - Powerslave",false,"United Kingdom",256002817,981145802,"library / playlists / playlist_detail",2026-03-16T12:06:26.185Z,TRACK_SKIPPED_FORWARDS,2026-03-16T12:06:26.734Z,2026-03-16T12:06:26.991Z,2026-03-16T12:06:26.185Z,328,549,432384,AUDIO,0,1,1,549
2026-03-16T12:06:24.277Z,Playlist,Aaaaaaaaaah,"Lamb of God - Shoulder Of Your God (Bonus Track)",false,"United Kingdom",256002817,1621636653,"library / playlists / playlist_detail",2026-03-16T12:06:24.277Z,TRACK_SKIPPED_FORWARDS,2026-03-16T12:06:25.738Z,2026-03-16T12:06:25.990Z,2026-03-16T12:06:24.277Z,1235,1461,355226,AUDIO,0,1,1,1461
2026-03-16T12:06:23.362Z,Playlist,Aaaaaaaaaah,"Metallica - Sweet Amber",false,"United Kingdom",256002817,1440844412,"library / playlists / playlist_detail",2026-03-16T12:06:23.362Z,TRACK_SKIPPED_FORWARDS,2026-03-16T12:06:24Z,2026-03-16T12:06:24.128Z,2026-03-16T12:06:23.362Z,425,638,327133,AUDIO,0,1,1,638
2026-03-16T12:06:22.420Z,Playlist,Aaaaaaaaaah,"Royal Blood - Loose Change",false,"United Kingdom",256002817,891695033,"library / playlists / playlist_detail",2026-03-16T12:06:22.420Z,TRACK_SKIPPED_FORWARDS,2026-03-16T12:06:23.049Z,2026-03-16T12:06:23.167Z,2026-03-16T12:06:22.420Z,417,629,155986,AUDIO,0,1,1,629
2026-03-16T12:06:20.636Z,Playlist,Aaaaaaaaaah,"A Day to Remember - You Already Know What You Are",false,"United Kingdom",256002817,1558600728,"library / playlists / playlist_detail",2026-03-16T12:06:20.636Z,TRACK_SKIPPED_FORWARDS,2026-03-16T12:06:23.116Z,2026-03-16T12:06:23.407Z,2026-03-16T12:06:20.636Z,2267,2480,87520,AUDIO,0,1,1,2480
2026-03-12T17:49:07.267Z,Playlist,Aaaaaaaaaah,"Lamb of God - Set To Fail",false,"United Kingdom",256002817,1621636434,"library / playlists / playlist_detail",2026-03-12T17:49:07.267Z,TRACK_SKIPPED_FORWARDS,2026-03-16T12:06:20.265Z,2026-03-16T12:06:23.407Z,2026-03-16T12:06:19.115Z,926,1152,226493,AUDIO,0,3,3,2730
2026-03-16T12:06:17.327Z,Playlist,Aaaaaaaaaah,"Queen - Tie Your Mother Down (Live, Wembley Stadium, July 1986)",false,"United Kingdom",256002817,928245865,"library / playlists / playlist_detail",2026-03-16T12:06:17.327Z,TRACK_SKIPPED_FORWARDS,2026-03-16T12:06:18.321Z,2026-03-16T12:06:23.407Z,2026-03-16T12:06:17.327Z,514,994,247240,AUDIO,0,1,1,994
2026-03-16T12:06:15.822Z,Playlist,Aaaaaaaaaah,"Metallica - Master of Puppets",false,"United Kingdom",256002817,1440901431,"library / playlists / playlist_detail",2026-03-16T12:06:15.822Z,TRACK_SKIPPED_FORWARDS,2026-03-16T12:06:16.689Z,2026-03-16T12:06:23.407Z,2026-03-16T12:06:15.822Z,647,867,515386,AUDIO,0,1,1,867
2026-03-16T12:06:14.643Z,Playlist,Aaaaaaaaaah,"Rainbow - All Night Long",false,"United Kingdom",256002817,1458823321,"library / playlists / playlist_detail",2026-03-16T12:06:14.643Z,TRACK_SKIPPED_FORWARDS,2026-03-16T12:06:15.326Z,2026-03-16T12:06:23.407Z,2026-03-16T12:06:14.643Z,468,683,230240,AUDIO,0,1,1,683
2026-03-16T12:06:13.628Z,Playlist,Aaaaaaaaaah,"AC/DC - Miss Adventure",false,"United Kingdom",256002817,923586231,"library / playlists / playlist_detail",2026-03-16T12:06:13.628Z,TRACK_SKIPPED_FORWARDS,2026-03-16T12:06:14.512Z,2026-03-16T12:06:23.407Z,2026-03-16T12:06:13.628Z,652,884,177253,AUDIO,0,1,1,884
2026-03-16T12:06:12.297Z,Playlist,Aaaaaaaaaah,"Foo Fighters - Summer's End",false,"United Kingdom",256002817,262743704,"library / playlists / playlist_detail",2026-03-16T12:06:12.297Z,TRACK_SKIPPED_FORWARDS,2026-03-16T12:06:13.515Z,2026-03-16T12:06:23.407Z,2026-03-16T12:06:12.297Z,1002,1218,277845,AUDIO,0,1,1,1218
2026-03-16T12:06:10.232Z,Playlist,Aaaaaaaaaah,"Mastodon - Thank You for This",false,"United Kingdom",256002817,146778324,"library / playlists / playlist_detail",2026-03-16T12:06:10.232Z,TRACK_SKIPPED_FORWARDS,2026-03-16T12:06:11.415Z,2026-03-16T12:06:11.550Z,2026-03-16T12:06:10.232Z,963,1183,101026,AUDIO,0,1,1,1183
2026-03-16T12:06:09.422Z,Playlist,Aaaaaaaaaah,"twenty one pilots - My Blood",false,"United Kingdom",256002817,1422828213,"library / playlists / playlist_detail",2026-03-16T12:06:09.422Z,TRACK_SKIPPED_FORWARDS,2026-03-16T12:06:10.132Z,2026-03-16T12:06:10.465Z,2026-03-16T12:06:09.422Z,519,710,229222,AUDIO,0,1,1,710
2026-03-16T12:06:08.341Z,Playlist,Aaaaaaaaaah,"Mr. Bungle - Anarchy up Your Anus",false,"United Kingdom",256002817,1523663715,"library / playlists / playlist_detail",2026-03-16T12:06:08.341Z,TRACK_SKIPPED_FORWARDS,2026-03-16T12:06:10.046Z,2026-03-16T12:06:10.223Z,2026-03-16T12:06:08.341Z,1539,1705,135245,AUDIO,0,1,1,1705
2026-03-16T12:06:03.170Z,Playlist,Aaaaaaaaaah,"Guns N' Roses - Welcome To The Jungle",false,"United Kingdom",256002817,1377826728,"library / playlists / playlist_detail",2026-03-16T12:06:03.170Z,TRACK_SKIPPED_FORWARDS,2026-03-16T12:06:07.631Z,2026-03-16T12:06:07.761Z,2026-03-16T12:06:03.170Z,4491,4461,273483,AUDIO,0,1,1,4461
2026-03-16T11:00:26.784Z,Playlist,Aaaaaaaaaah,"Metallica - The Judas Kiss",false,"United Kingdom",256002817,1440736293,"library / playlists / playlist_detail",2026-03-16T11:00:26.784Z,NATURAL_END_OF_TRACK,2026-03-16T12:06:05.576Z,2026-03-16T12:06:05.608Z,2026-03-16T12:00:03.270Z,480760,362306,480760,AUDIO,0,1,0,481050
2026-03-16T11:00:13.328Z,"Radio Station","August Burns Red - White Washed Radio","Killswitch Engage - Holy Diver",false,"United Kingdom",ra.cp-1538017362,262091719,now_playing,2026-03-16T11:00:13.328Z,"MANUALLY_SELECTED_PLAYBACK_OF_A_DIFF_ITEM",2026-03-16T11:00:27.135Z,2026-03-16T11:00:27.622Z,2026-03-16T11:00:17.148Z,59617,9987,250253,AUDIO,0,1,1,9987
2026-03-16T10:54:40.983Z,"Radio Station","August Burns Red - White Washed Radio","Parkway Drive - Crushed",false,"United Kingdom",ra.cp-1538017362,1485075365,now_playing,2026-03-16T10:54:40.983Z,NATURAL_END_OF_TRACK,2026-03-16T10:59:17.198Z,2026-03-16T10:59:17.243Z,2026-03-16T10:54:40.983Z,276222,276215,276222,AUDIO,0,1,0,276215
2026-03-16T10:50:57.920Z,N/A,N/A,"August Burns Red - White Washed",false,"United Kingdom",N/A,1538017362,"search / search_landing",2026-03-16T10:50:57.920Z,NATURAL_END_OF_TRACK,2026-03-16T10:54:44.442Z,2026-03-16T10:54:44.491Z,2026-03-16T10:50:57.920Z,226253,226522,226253,AUDIO,0,1,0,226522
2026-03-14T23:22:06.720Z,N/A,N/A,"Sylosis - After Lifeless Years",false,"United Kingdom",N/A,1556851914,"search / search_landing / artist_detail",2026-03-14T23:22:06.720Z,"MANUALLY_SELECTED_PLAYBACK_OF_A_DIFF_ITEM",2026-03-16T10:50:58.173Z,2026-03-16T10:50:58.633Z,2026-03-16T10:48:25.761Z,297093,297373,297000,AUDIO,0,3,1,746859
2026-03-16T10:48:23.323Z,N/A,N/A,"Sylosis - The Blackest Skyline",false,"United Kingdom",N/A,1556852085,"search / search_landing / artist_detail",2026-03-16T10:48:23.323Z,"MANUALLY_SELECTED_PLAYBACK_OF_A_DIFF_ITEM",2026-03-16T10:48:25.453Z,2026-03-16T10:48:25.783Z,2026-03-16T10:48:23.323Z,1832,2130,297733,AUDIO,0,1,1,2130
2026-03-16T10:47:09.865Z,N/A,N/A,"Sylosis - Erased",false,"United Kingdom",N/A,1850926794,"search / search_landing / artist_detail",2026-03-16T10:47:09.865Z,"MANUALLY_SELECTED_PLAYBACK_OF_A_DIFF_ITEM",2026-03-16T10:48:23.277Z,2026-03-16T10:48:23.704Z,2026-03-16T10:47:09.865Z,73122,73412,287987,AUDIO,0,1,1,73412
2026-03-16T10:40:45.592Z,Playlist,Aaaaaaaaaah,"King Gizzard & The Lizard Wizard - Rattlesnake",false,"United Kingdom",256002817,1172918049,"library / playlists / playlist_detail",2026-03-16T10:40:45.592Z,"MANUALLY_SELECTED_PLAYBACK_OF_A_DIFF_ITEM",2026-03-16T10:47:02.956Z,2026-03-16T10:47:09.662Z,2026-03-16T10:40:45.592Z,376990,377364,468093,AUDIO,0,1,1,377364
2026-03-16T10:40:39.854Z,Playlist,Aaaaaaaaaah,"Ramones - The KKK Took My Baby Away",false,"United Kingdom",256002817,853504128,"library / playlists / playlist_detail",2026-03-16T10:40:39.854Z,OTHER,2026-03-16T10:40:40.102Z,2026-03-16T10:40:40.295Z,2026-03-16T10:40:39.854Z,10,248,151973,AUDIO,0,1,0,248
2026-03-16T10:40:39.747Z,Playlist,Aaaaaaaaaah,"Machine Head - Catharsis",false,"United Kingdom",256002817,1458748156,"library / playlists / playlist_detail",2026-03-16T10:40:39.747Z,TRACK_SKIPPED_FORWARDS,2026-03-16T10:40:39.749Z,2026-03-16T10:40:40.075Z,2026-03-16T10:40:39.747Z,0,2,370747,AUDIO,0,1,1,2
2026-03-13T00:01:22.692Z,Album,"Lamb of God - Into Oblivion","Lamb of God - Sepsis",false,"United Kingdom",1868804163,1868804167,"library / album_detail",2026-03-13T00:01:22.692Z,"MANUALLY_SELECTED_PLAYBACK_OF_A_DIFF_ITEM",2026-03-16T10:40:33.985Z,2026-03-16T10:40:40.075Z,2026-03-16T10:40:24.662Z,218813,218808,218813,AUDIO,0,3,2,237012
2026-03-13T00:01:19.282Z,Album,"Lamb of God - Into Oblivion","Lamb of God - Parasocial Christ",false,"United Kingdom",1868804163,1868804166,"library / album_detail",2026-03-13T00:01:19.282Z,NATURAL_END_OF_TRACK,2026-03-16T10:40:24.969Z,2026-03-16T10:40:25.005Z,2026-03-16T10:37:03.762Z,200964,201207,200964,AUDIO,0,3,1,405371
2026-03-12T23:55:46.723Z,Album,"Lamb of God - Into Oblivion","Lamb of God - The Killing Floor",false,"United Kingdom",1868804163,1868804168,"library / album_detail",2026-03-12T23:55:46.723Z,"MANUALLY_SELECTED_PLAYBACK_OF_A_DIFF_ITEM",2026-03-16T10:37:03.415Z,2026-03-16T10:37:03.659Z,2026-03-16T10:32:46.968Z,256363,256625,256363,AUDIO,0,6,1,1529868
2026-03-15T23:28:30.553Z,Album,"JPEGMAFIA - All My Heroes Are Cornballs","JPEGMAFIA - Kenan Vs. Kel",false,"United Kingdom",1478336484,1478336892,"home / album_detail / album_detail",2026-03-15T23:28:30.553Z,"MANUALLY_SELECTED_PLAYBACK_OF_A_DIFF_ITEM",2026-03-16T10:32:46.533Z,2026-03-16T10:32:46.934Z,2026-03-16T10:32:19.791Z,166955,140503,181000,AUDIO,0,1,1,167245
2026-03-15T23:25:54.013Z,Album,"JPEGMAFIA - All My Heroes Are Cornballs","JPEGMAFIA - Jesus Forgive Me, I Am A Thot",false,"United Kingdom",1478336484,1478336885,"home / album_detail / album_detail",2026-03-15T23:25:54.013Z,NATURAL_END_OF_TRACK,2026-03-15T23:28:30.808Z,2026-03-15T23:28:30.846Z,2026-03-15T23:25:54.013Z,156000,156795,156000,AUDIO,0,1,0,156795
2026-03-15T23:25:38.547Z,Album,"JPEGMAFIA - LP!","JPEGMAFIA - TRUST!",false,"United Kingdom",1590920785,1590920795,"home / album_detail",2026-03-15T23:25:38.547Z,"MANUALLY_SELECTED_PLAYBACK_OF_A_DIFF_ITEM",2026-03-15T23:25:53.527Z,2026-03-15T23:25:53.777Z,2026-03-15T23:25:38.547Z,14756,14980,134000,AUDIO,0,1,1,14980
2026-03-13T12:10:18.713Z,Playlist,Aaaaaaaaaah,"AC/DC - Rocker",false,"United Kingdom",256002817,575306363,"library / playlists / playlist_detail",2026-03-13T12:10:18.713Z,"MANUALLY_SELECTED_PLAYBACK_OF_A_DIFF_ITEM",2026-03-15T23:25:37.981Z,2026-03-15T23:25:38.627Z,2026-03-15T23:25:33.543Z,4209,4438,172539,AUDIO,0,2,2,5007
2026-03-15T23:25:31.796Z,Playlist,Aaaaaaaaaah,"Catfish and the Bottlemen - Basically",false,"United Kingdom",256002817,1448682277,"library / playlists / playlist_detail",2026-03-15T23:25:31.796Z,TRACK_SKIPPED_FORWARDS,2026-03-15T23:25:33.201Z,2026-03-15T23:25:33.518Z,2026-03-15T23:25:31.796Z,1180,1405,201667,AUDIO,0,1,1,1405
2026-03-15T23:25:31.512Z,Playlist,Aaaaaaaaaah,"Slipknot - Psychosocial",false,"United Kingdom",256002817,927743421,"library / playlists / playlist_detail",2026-03-15T23:25:31.512Z,TRACK_SKIPPED_FORWARDS,2026-03-15T23:25:32.081Z,2026-03-15T23:25:32.300Z,2026-03-15T23:25:31.512Z,358,569,283813,AUDIO,0,1,1,569
2026-03-13T12:05:07.249Z,Playlist,Aaaaaaaaaah,"Metallica - Don't Tread On Me",false,"United Kingdom",256002817,1571984663,"library / playlists / playlist_detail",2026-03-13T12:05:07.249Z,TRACK_SKIPPED_FORWARDS,2026-03-15T23:25:31.254Z,2026-03-15T23:25:31.327Z,2026-03-15T23:25:30.741Z,677,972,240160,AUDIO,0,2,2,1485
2026-03-15T23:25:29.004Z,Playlist,Aaaaaaaaaah,"Metallica - The Outlaw Torn (Remastered)",false,"United Kingdom",256002817,1811327216,"library / playlists / playlist_detail",2026-03-15T23:25:29.004Z,TRACK_SKIPPED_FORWARDS,2026-03-15T23:25:30.222Z,2026-03-15T23:25:30.513Z,2026-03-15T23:25:29.004Z,1024,1218,588577,AUDIO,0,1,1,1218
2026-03-15T23:25:27.443Z,Playlist,Aaaaaaaaaah,"Korn - Here to Stay",false,"United Kingdom",256002817,271792966,"library / playlists / playlist_detail",2026-03-15T23:25:27.443Z,"MANUALLY_SELECTED_PLAYBACK_OF_A_DIFF_ITEM",2026-03-15T23:25:28.216Z,2026-03-15T23:25:29.102Z,2026-03-15T23:25:27.443Z,551,773,270960,AUDIO,0,1,1,773
2026-03-15T23:10:57.488Z,Album,"michael - Exmilitary","michael - Known for It",false,"United Kingdom",1874788853,1874788865,"search / album_detail",2026-03-15T23:10:57.488Z,"MANUALLY_SELECTED_PLAYBACK_OF_A_DIFF_ITEM",2026-03-15T23:25:27.100Z,2026-03-15T23:25:27.532Z,2026-03-15T23:25:11.631Z,114791,33886,252000,AUDIO,0,2,2,53498
2026-03-15T23:25:02.117Z,Album,"michael - Exmilitary","michael - Beware",false,"United Kingdom",1874788853,1874788854,"search / album_detail",2026-03-15T23:25:02.117Z,"MANUALLY_SELECTED_PLAYBACK_OF_A_DIFF_ITEM",2026-03-15T23:25:11.453Z,2026-03-15T23:25:11.679Z,2026-03-15T23:25:08.011Z,154386,3442,352000,AUDIO,0,1,1,9334
2026-03-15T23:11:35.791Z,N/A,N/A,"michael - Spread Eagle Cross the Block",false,"United Kingdom",N/A,1874788856,"search / search_landing / album_detail / ",2026-03-15T23:11:35.791Z,"MANUALLY_SELECTED_PLAYBACK_OF_A_DIFF_ITEM",2026-03-15T23:25:02.614Z,2026-03-15T23:25:03.046Z,2026-03-15T23:24:48.016Z,160130,104892,231000,AUDIO,0,1,1,160631
2026-03-15T18:49:02.481Z,N/A,N/A,"The Magic Numbers - Love Me Like You",false,"United Kingdom",N/A,726400222,"search / search_landing / artist_detail",2026-03-15T18:49:02.481Z,EXITED_APPLICATION,2026-03-15T18:49:18.736Z,2026-03-15T20:49:33.576Z,2026-03-15T18:49:18.736Z,16218,6170,257920,AUDIO,0,1,0,6170
2026-03-15T17:45:36.580Z,"Radio Station","Arch Enemy - Rise of the Tyrant Radio","Trivium - Until the World Goes Cold",false,"United Kingdom",ra.cp-1045072875,1022897954,now_playing,2026-03-15T17:45:36.580Z,PLAYBACK_MANUALLY_PAUSED,2026-03-15T17:45:39.884Z,2026-03-15T17:45:39.952Z,2026-03-15T17:45:36.580Z,3315,3304,321161,AUDIO,0,1,0,3304
2026-03-15T17:32:08.329Z,"Radio Station","Arch Enemy - Rise of the Tyrant Radio","Slipknot - The Devil In I",false,"United Kingdom",ra.cp-1045072875,911121216,now_playing,2026-03-15T17:32:08.329Z,PLAYBACK_MANUALLY_PAUSED,2026-03-15T17:32:14.597Z,2026-03-15T17:32:14.661Z,2026-03-15T17:32:08.329Z,16991,6268,342821,AUDIO,10710,1,0,6268
2026-03-13T15:08:25.605Z,Album,"Arch Enemy - The Root of All Evil","Arch Enemy - Bridge of Destiny (2009 Version)",false,"United Kingdom",1045116821,1045118116,"home / album_detail",2026-03-13T15:08:25.605Z,EXITED_APPLICATION,2026-03-15T17:13:34.509Z,2026-03-15T17:13:34.515Z,2026-03-15T17:13:34.509Z,473546,473547,473000,AUDIO,0,3,1,949750
2026-03-15T17:13:30.355Z,"Radio Station","Arch Enemy - The Root of All Evil Radio","Megadeth - Angry Again",false,"United Kingdom",ra.cp-1045116821,725788044,now_playing,2026-03-15T17:13:30.355Z,TRACK_SKIPPED_BACKWARDS,2026-03-15T17:13:31.066Z,2026-03-15T17:13:31.120Z,2026-03-15T17:13:30.355Z,619,711,227440,AUDIO,0,1,1,711
2026-03-15T15:07:42.662Z,Album,"Arch Enemy - The Root of All Evil","Arch Enemy - Silverwing (2009 Version)",false,"United Kingdom",1045116821,1045118108,"home / album_detail",2026-03-15T15:07:42.662Z,TRACK_SKIPPED_FORWARDS,2026-03-15T17:13:29.013Z,2026-03-15T17:13:29.275Z,2026-03-15T17:13:28.192Z,262773,262757,262773,AUDIO,0,2,1,263578
2026-03-15T17:13:24.579Z,Album,"Arch Enemy - The Root of All Evil","Arch Enemy - Demoniality (2009 Version)",false,"United Kingdom",1045116821,1045118106,"home / album_detail",2026-03-15T17:13:24.579Z,TRACK_SKIPPED_FORWARDS,2026-03-15T17:13:26.153Z,2026-03-15T17:13:26.291Z,2026-03-15T17:13:24.579Z,1482,1574,100000,AUDIO,0,1,1,1574
2026-03-15T14:33:56.982Z,Album,"Arch Enemy - The Root of All Evil","Arch Enemy - Pilgrim (2009 Version)",false,"United Kingdom",1045116821,1045116844,"home / album_detail",2026-03-15T14:33:56.982Z,"MANUALLY_SELECTED_PLAYBACK_OF_A_DIFF_ITEM",2026-03-15T17:13:24.405Z,2026-03-15T17:13:24.630Z,2026-03-15T17:13:20.939Z,291653,291891,291653,AUDIO,0,2,1,295357
2026-03-15T16:08:22.848Z,Album,"Arch Enemy - The Root of All Evil","Arch Enemy - Dark Insanity (2009 Version)",false,"United Kingdom",1045116821,1045116843,"home / album_detail",2026-03-15T16:08:22.848Z,TRACK_SKIPPED_FORWARDS,2026-03-15T17:13:20.825Z,2026-03-15T17:13:20.888Z,2026-03-15T17:13:19.686Z,75920,75885,205533,AUDIO,0,2,2,77024
2026-03-15T17:13:09.929Z,Album,"Arch Enemy - The Root of All Evil","Arch Enemy - Dead Inside (2009 Version)",false,"United Kingdom",1045116821,1045116842,"home / album_detail",2026-03-15T17:13:09.929Z,TRACK_SKIPPED_FORWARDS,2026-03-15T17:13:19.544Z,2026-03-15T17:13:19.617Z,2026-03-15T17:13:17.999Z,201107,1752,264586,AUDIO,0,2,2,6272
2026-03-15T14:46:37.691Z,Album,"Arch Enemy - The Root of All Evil","Arch Enemy - Bury Me an Angel (2009 Version)",false,"United Kingdom",1045116821,1045116841,"home / album_detail",2026-03-15T14:46:37.691Z,TRACK_SKIPPED_FORWARDS,2026-03-15T17:13:13.619Z,2026-03-15T17:13:13.681Z,2026-03-15T17:13:13.387Z,265226,265210,265000,AUDIO,0,3,2,268561
2026-03-15T17:13:04.681Z,Album,"Arch Enemy - The Root of All Evil","Arch Enemy - The Root of All Evil (Intro) [2009 Version]",false,"United Kingdom",1045116821,1045116822,"home / album_detail",2026-03-15T17:13:04.681Z,"MANUALLY_SELECTED_PLAYBACK_OF_A_DIFF_ITEM",2026-03-15T17:13:09.345Z,2026-03-15T17:13:09.417Z,2026-03-15T17:13:08.819Z,20385,4137,66000,AUDIO,0,1,1,4663
2026-03-15T17:02:18.384Z,"Radio Station",N/A,"Lamb of God - El Vacío",false,"United Kingdom","ra.cp-pl.pm-58a310e0f946cdbcaa796318cfffff82",1868804169,now_playing,2026-03-15T17:02:18.384Z,OTHER,2026-03-15T17:12:53.039Z,2026-03-15T17:12:53.117Z,2026-03-15T17:12:49.038Z,143020,130707,257181,AUDIO,0,1,0,143942
2026-03-15T16:50:14.658Z,"Radio Station",N/A,"Opeth - Blackwater Park",false,"United Kingdom","ra.cp-pl.pm-58a310e0f946cdbcaa796318cfffff82",268633570,now_playing,2026-03-15T16:50:14.658Z,NATURAL_END_OF_TRACK,2026-03-15T17:02:23.238Z,2026-03-15T17:02:23.318Z,2026-03-15T16:50:14.658Z,728333,728580,728333,AUDIO,0,1,0,728580
2026-03-15T16:48:35.421Z,"Radio Station",N/A,"Arch Enemy - Pilgrim (2009 Version)",false,"United Kingdom","ra.cp-pl.pm-58a310e0f946cdbcaa796318cfffff82",1045116844,now_playing,2026-03-15T16:48:35.421Z,TRACK_SKIPPED_FORWARDS,2026-03-15T16:50:19.312Z,2026-03-15T16:50:19.578Z,2026-03-15T16:48:35.421Z,103908,103891,291653,AUDIO,0,1,1,103891
2026-03-13T14:54:14.397Z,Playlist,"Heavy Rotation","Arch Enemy - War Eternal",false,"United Kingdom",256003337,1045381528,"library / playlists / playlist_detail",2026-03-13T14:54:14.397Z,NATURAL_END_OF_TRACK,2026-03-15T16:48:38.206Z,2026-03-15T16:48:38.263Z,2026-03-15T16:44:22.188Z,256053,256041,256053,AUDIO,0,2,0,512059
2026-03-13T08:43:22.791Z,Album,"Lamb of God - Into Oblivion","Lamb of God - Blunt Force Blues",false,"United Kingdom",1868804163,1868804171,"library / playlists / playlist_detail",2026-03-13T08:43:22.791Z,NATURAL_END_OF_TRACK,2026-03-15T16:37:26.716Z,2026-03-15T16:37:26.946Z,2026-03-15T16:33:15.198Z,251505,251518,251505,AUDIO,0,3,1,508223
2026-03-15T16:20:41.773Z,Playlist,"Heavy Rotation","Arch Enemy - Beast of Man (2009 Version)",false,"United Kingdom",256003337,1045116836,"library / playlists / playlist_detail",2026-03-15T16:20:41.773Z,TRACK_SKIPPED_FORWARDS,2026-03-15T16:20:46.024Z,2026-03-15T16:20:46.254Z,2026-03-15T16:20:41.773Z,4279,4251,226333,AUDIO,0,1,1,4251
2026-03-15T16:12:23.978Z,Playlist,"Heavy Rotation","Airbourne - GUTSY",false,"United Kingdom",256003337,1816253388,"library / playlists / playlist_detail",2026-03-15T16:12:23.978Z,NATURAL_END_OF_TRACK,2026-03-15T16:17:05.104Z,2026-03-15T16:17:05.138Z,2026-03-15T16:12:23.978Z,281124,281126,281124,AUDIO,0,1,0,281126
2026-03-15T16:01:58.784Z,Playlist,"Heavy Rotation","Karnivool - Aozora",false,"United Kingdom",256003337,1832618054,"library / playlists / playlist_detail",2026-03-15T16:01:58.784Z,NATURAL_END_OF_TRACK,2026-03-15T16:08:24.947Z,2026-03-15T16:08:24.986Z,2026-03-15T16:01:58.784Z,386169,386163,386169,AUDIO,0,1,0,386163
2026-03-12T23:59:52.500Z,Album,"Lamb of God - Into Oblivion","Lamb of God - El Vacío",false,"United Kingdom",1868804163,1868804169,"library / playlists / playlist_detail",2026-03-12T23:59:52.500Z,NATURAL_END_OF_TRACK,2026-03-15T15:07:49.357Z,2026-03-15T15:07:49.399Z,2026-03-15T15:03:32.185Z,257181,257172,257181,AUDIO,0,4,1,829226
2026-03-15T14:33:45.652Z,Playlist,Aaaaaaaaaah,"Green Day - Basket Case",false,"United Kingdom",256002817,1160082180,"library / playlists / playlist_detail",2026-03-15T14:33:45.652Z,"MANUALLY_SELECTED_PLAYBACK_OF_A_DIFF_ITEM",2026-03-15T14:33:57.970Z,2026-03-15T14:33:58.869Z,2026-03-15T14:33:45.652Z,12346,12318,182916,AUDIO,0,1,1,12318
2026-03-15T14:28:36.595Z,Playlist,Aaaaaaaaaah,"Taylor Hawkins - Bob Quit His Job",false,"United Kingdom",256002817,1174098809,"library / playlists / playlist_detail",2026-03-15T14:28:36.595Z,TRACK_SKIPPED_FORWARDS,2026-03-15T14:28:48.965Z,2026-03-15T14:28:49.498Z,2026-03-15T14:28:36.595Z,12139,12370,166267,AUDIO,0,1,1,12370
2026-03-15T14:28:21.722Z,Album,"MC Virgins - After the Party","MC Virgins - HML",false,"United Kingdom",1803690162,1803690168,"library / album_detail",2026-03-15T14:28:21.722Z,"MANUALLY_SELECTED_PLAYBACK_OF_A_DIFF_ITEM",2026-03-15T14:28:35.749Z,2026-03-15T14:28:36.994Z,2026-03-15T14:28:24.623Z,29789,11126,152000,AUDIO,0,1,1,13944
2026-03-15T14:28:19.080Z,N/A,N/A,"MC Virgins - Nothing Original",false,"United Kingdom",N/A,1802365986,"library / ",2026-03-15T14:28:19.080Z,"MANUALLY_SELECTED_PLAYBACK_OF_A_DIFF_ITEM",2026-03-15T14:28:20.984Z,2026-03-15T14:28:22.431Z,2026-03-15T14:28:19.080Z,1669,1904,165915,AUDIO,0,1,1,1904
2026-03-15T14:28:13.675Z,N/A,N/A,"MC Virgins, Yun Head & Shotgun Willy - Bumpin’",false,"United Kingdom",N/A,1645630843,"library / ",2026-03-15T14:28:13.675Z,TRACK_SKIPPED_FORWARDS,2026-03-15T14:28:17.651Z,2026-03-15T14:28:17.992Z,2026-03-15T14:28:15.973Z,10858,2297,145119,AUDIO,0,1,1,3975
